99A39ADD-3D3D-4BC8-8F6C-4B3D19936084,24448605,Счетчик электричества,1,Щит учета показаний,
56BB32DE-348F-483F-AD11-07465249AE83,24430263,Счетчик электричества,2,Щит учета показаний,
465A66F5-2943-47D2-AE2F-433C58CFDD79,24431788,Счетчик электричества,3,Щит учета показаний,
6F783B88-0AC0-4BF0-BD72-FE1CA8F91B18,24432609,Счетчик электричества,4,Щит учета показаний,
6DA53CEA-A325-4EEE-A401-A4178FCB149E,24431564,Счетчик электричества,5,Щит учета показаний,
CBCD342E-0DE4-4605-BC5E-33EBEC4D20C5,24431618,Счетчик электричества,6,Щит учета показаний,
F2387F5B-067A-4211-AE0A-56AE1FE346F5,24431579,Счетчик электричества,7,Щит учета показаний,
8F23F20B-0D25-4ABB-ABAD-CB276113269E,24431516,Счетчик электричества,8,Щит учета показаний,
457593D9-331F-4A6C-A5E7-C8D9B7B65B78,24431515,Счетчик электричества,9,Щит учета показаний,
6E0D9EA0-D4DB-40B6-BCD0-74EAF4C7D353,24431616,Счетчик электричества,10,Щит учета показаний,
1D1078C7-A22B-4BFB-9E4F-39F212948B54,24431619,Счетчик электричества,11,Щит учета показаний,
976F0D29-60B6-4F67-93E1-A8ABD038A449,24431523,Счетчик электричества,12,Щит учета показаний,
A7BCEE4B-E320-4018-B731-CE695D467B56,24431607,Счетчик электричества,13,Щит учета показаний,
F5E672F8-8C96-4CD1-A339-5A6EC07C687A,24431514,Счетчик электричества,14,Щит учета показаний,
6193D53C-CA2A-408E-BDAF-C62B25E9006C,24448057,Счетчик электричества,15,Щит учета показаний,
114D3357-34CC-49D9-A64C-CF45CBDE481F,24448312,Счетчик электричества,16,Щит учета показаний,
D1140FD1-D99C-4A79-AA77-BEE0A514A676,24447834,Счетчик электричества,17,Щит учета показаний,
184767FD-F8AB-48AD-988C-58A013A80097,24447873,Счетчик электричества,18,Щит учета показаний,
F7161E09-B181-4CCF-BA2D-5BA0F5691372,24448451,Счетчик электричества,19,Щит учета показаний,
EC787278-B8CB-48DD-9ADF-1E31980817B6,24447942,Счетчик электричества,20,Щит учета показаний,
76EF6914-1CAF-41AE-ADEE-ADCCF97C49AA,24448035,Счетчик электричества,21,Щит учета показаний,
EB8335B7-A7B5-44F5-9080-54E892CD6B39,24447891,Счетчик электричества,22,Щит учета показаний,
1BE242C4-263C-4CCA-9D90-B28ACA9407DA,24435719,Счетчик электричества,23,Щит учета показаний,
72DE4BFB-2653-448F-91F5-B3D330B23D4F,24448463,Счетчик электричества,24,Щит учета показаний,
EDD5D058-0B26-4F2A-A896-B3BC36AADABB,24432613,Счетчик электричества,25,Щит учета показаний,
9B0208B7-296D-4AF0-AEFA-48E9EB59071F,24432529,Счетчик электричества,26,Щит учета показаний,
88BF0831-2710-4CAE-8D66-4ED0C73F2121,24432551,Счетчик электричества,27,Щит учета показаний,
8001D3AE-8C57-4561-BE77-1AD834B17B7E,24432556,Счетчик электричества,28,Щит учета показаний,
A6DB96A1-A00C-40D7-85F3-A335EB85F890,24431697,Счетчик электричества,29,Щит учета показаний,
B7D061AE-DE12-4266-9AED-F179A489DF68,24432629,Счетчик электричества,30,Щит учета показаний,
21F2CB03-AE71-4319-866E-BB144BEA2A70,24431766,Счетчик электричества,31,Щит учета показаний,
00B049C4-C24D-4B45-BF58-554A6B94FBD2,24432618,Счетчик электричества,32,Щит учета показаний,
74AB04D9-930C-44D3-A4D3-0D74A55F3B65,24448630,Счетчик электричества,33,Щит учета показаний,
C1465834-1514-4253-BBE2-3ACE48BC79C9,24448614,Счетчик электричества,34,Щит учета показаний,
82842EE7-424B-4D22-A79B-519830845D56,24432500,Счетчик электричества,35,Щит учета показаний,
5F80FE5D-EF91-4EBA-B7A3-FF5CA31DF710,24432528,Счетчик электричества,36,Щит учета показаний,
2FF13D33-1F12-4F7F-8591-734AA417CFDD,24431509,Счетчик электричества,37,Щит учета показаний,
5748A47F-F4E8-4B2C-BD68-1FBC78A0DD8C,24430318,Счетчик электричества,38,Щит учета показаний,
5E376841-20E2-4678-BACE-00F56C06989C,24432509,Счетчик электричества,39,Щит учета показаний,
F5EF3D37-42E6-4492-AA7E-BBFA9688B8FC,24432596,Счетчик электричества,40,Щит учета показаний,
72F8E198-DAB8-4565-A828-5F81288CF5D1,24432568,Счетчик электричества,41,Щит учета показаний,
D3662D44-9FAE-4F6C-B522-DBECE77741D2,24432569,Счетчик электричества,42,Щит учета показаний,
AAB9AFE7-F45A-4CE0-B2EB-722F0B3582F4,24432612,Счетчик электричества,43,Щит учета показаний,
A0AD1AA8-1A4A-4B12-81FA-7DF206541EA6,24432547,Счетчик электричества,44,Щит учета показаний,
3E3E4B5B-3C59-457B-AED7-9F374A52A763,24432553,Счетчик электричества,45,Щит учета показаний,
9177D015-3DEF-4C09-8D7E-6024AD4FD60F,24432563,Счетчик электричества,46,Щит учета показаний,
204EE67E-4083-472F-8C8D-D2F978C4B7B8,24432826,Счетчик электричества,47,Щит учета показаний,
900C6C8C-1EB6-44A8-B821-7CA93E1D3B9E,24434906,Счетчик электричества,48,Щит учета показаний,
BED0B772-9420-4E57-B476-70D68B5C9CC6,24432774,Счетчик электричества,49,Щит учета показаний,
FB2F9636-C687-497F-95DA-D48C7C8E1549,24432753,Счетчик электричества,50,Щит учета показаний,
6B665CDC-CFB6-4A42-B71C-C85025A07D2E,24432843,Счетчик электричества,51,Щит учета показаний,
D3E804EB-A431-4FAD-BCD8-C0FF1508A8E6,-,Счетчик электричества,52,Щит учета показаний,no
D79D29DD-A272-439F-859E-593D2A1B800C,24432831,Счетчик электричества,53,Щит учета показаний,
8101A757-D18F-4EB8-BB8F-ADCDB25CFD7F,24432850,Счетчик электричества,54,Щит учета показаний,
C6DBDB8F-10D0-4393-90E3-9B4AE8428F74,24432832,Счетчик электричества,55,Щит учета показаний,
CD9969AC-D262-4EB2-8465-95B4F4161483,24432844,Счетчик электричества,56,Щит учета показаний,
5B70E42E-2D7D-418D-9081-35FBB40E70D1,24448596,Счетчик электричества,57,Щит учета показаний,
766C4B7A-A0B7-4DEF-9F9F-E8B0624E8ED2,24447860,Счетчик электричества,58,Щит учета показаний,
BCFCEEDE-2907-4713-92ED-92B51D4ACF54,24430261,Счетчик электричества,59,Щит учета показаний,
E3395CB4-0F84-48B1-9F74-994E5FB7C56D,24448599,Счетчик электричества,60,Щит учета показаний,
AFA2049C-3889-478F-986A-58B0339216AA,24448638,Счетчик электричества,61,Щит учета показаний,
B28A46A2-ECAB-46E6-A049-2CD5DA711296,24448597,Счетчик электричества,62,Щит учета показаний,
09F1225D-1909-4C58-AC83-58CDCE9F70E4,-,Счетчик электричества,63,Щит учета показаний,24445609
15776819-7235-4C6D-9245-899162EC22AF,24448632,Счетчик электричества,64,Щит учета показаний,
1F1C627C-BC2B-452A-9410-14B3C0534CC7,24431699,Счетчик электричества,65,Щит учета показаний,
DB99CE54-E29F-43A9-A8B5-D7156DEA87DB,24431764,Счетчик электричества,66,Щит учета показаний,
12BB6697-75EF-4A19-BE42-09885454F9DC,24431755,Счетчик электричества,67,Щит учета показаний,
C3AE28D7-BC24-4518-876B-064E5F84A6DC,24432485,Счетчик электричества,68,Щит учета показаний,
CAF7F74A-6EED-4F37-B8D2-95CAC590EF66,24432616,Счетчик электричества,69,Щит учета показаний,
EA4D9970-5F93-47DE-9451-09073C89A9DB,24432487,Счетчик электричества,70,Щит учета показаний,
72145885-72A4-447B-83A3-43102E50CEDB,24432635,Счетчик электричества,71,Щит учета показаний,
712FC13A-C851-4EC8-94C2-A2DB52FDC537,24431754,Счетчик электричества,72,Щит учета показаний,
0125F070-F8AF-42DF-8A05-098D905074BF,24432604,Счетчик электричества,73,Щит учета показаний,
B5A9BAE7-40EA-4809-BFBE-CF70E1E8E08C,24432515,Счетчик электричества,74,Щит учета показаний,
1A007459-2F11-4D13-A044-C2758542A4E8,24432526,Счетчик электричества,75,Щит учета показаний,
CAF07ECD-CFCC-4C87-8BFC-9ED540D68362,24435703,Счетчик электричества,76,Щит учета показаний,
3999D8FF-3A71-44B6-958F-A55AF3CE00B0,24432586,Счетчик электричества,77,Щит учета показаний,
F3FA73BC-25DF-40B5-8917-85873EA0D533,24448628,Счетчик электричества,78,Щит учета показаний,
2A98709D-9402-46F9-8A9D-CA216137DDF3,24448647,Счетчик электричества,79,Щит учета показаний,
90E32A22-3D1A-456D-A58A-3371BB2D223B,24448625,Счетчик электричества,80,Щит учета показаний,
6A730FAB-D3C0-477E-95E6-B7EFD43752E3,24431606,Счетчик электричества,81,Щит учета показаний,
7BB10020-6800-4F2E-A965-453364821104,24431537,Счетчик электричества,82,Щит учета показаний,
0BBED783-0722-4FC6-89CD-3571F1FBDD75,24431541,Счетчик электричества,83,Щит учета показаний,
4FD02170-664A-4AA2-A7AB-927221BE9D20,24431608,Счетчик электричества,84,Щит учета показаний,
657CCDED-8EA6-465B-9679-8C9674FCB290,24448641,Счетчик электричества,85,Щит учета показаний,notwork
7261DC6A-A041-4047-B177-9CF732707BD4,24448621,Счетчик электричества,86,Щит учета показаний,
02001C21-0D6E-4557-89E7-65EF7F154A3F,24430250,Счетчик электричества,87,Щит учета показаний,
3485C970-38E6-426F-BE28-42E9BEA6DE3D,24432565,Счетчик электричества,88,Щит учета показаний,
7E83A843-11B6-4BC7-896A-54B4ABAB2F3E,24432636,Счетчик электричества,89,Щит учета показаний,
18A89B9C-9A7F-42FC-9B2B-B0520D805A20,24448595,Счетчик электричества,90,Щит учета показаний,
7752F4DF-F37B-4B37-BBA1-20002F61E92F,24430259,Счетчик электричества,91,Щит учета показаний,
B12B308D-F19D-4007-B1F3-C457CEDBED63,24448629,Счетчик электричества,92,Щит учета показаний,
A42CEC8A-B8C3-46AE-8AEC-C528DDDD5938,24432597,Счетчик электричества,93,Щит учета показаний,
4C107DEB-2944-47D7-BF91-0456750DC643,24432564,Счетчик электричества,94,Щит учета показаний,
187A4EA7-37A2-4630-A0C5-CF1693417332,24430215,Счетчик электричества,95,Щит учета показаний,
77F42422-E262-4B49-BF16-279E11EE0FCE,24448651,Счетчик электричества,96,Щит учета показаний,
012F35C2-6D34-44E5-9E87-4D1A9A3DFD22,24432600,Счетчик электричества,97,Щит учета показаний,
62D26A3C-6501-4145-A8D9-5E6CC5A82539,24432518,Счетчик электричества,98,Щит учета показаний,
FAEE283F-8A76-4CA0-8D88-BA1CB90CA37A,24432479,Счетчик электричества,99,Щит учета показаний,
BA86709C-E7FB-4DCD-857A-B54BA2314319,24431708,Счетчик электричества,100,Щит учета показаний,
8B4BF829-2E5F-4530-A972-F7B46E2D5309,24432507,Счетчик электричества,101,Щит учета показаний,
2CED3A04-473C-4CBA-B3B8-2D742DBC9E90,24431703,Счетчик электричества,102,Щит учета показаний,
5B0E24AD-982D-4584-973C-0F3E95868770,24431752,Счетчик электричества,103,Щит учета показаний,
7747FF26-EA3F-48EC-96DC-EF933CA4229E,24432582,Счетчик электричества,104,Щит учета показаний,notwork
9415C319-AB9E-4B72-AD4D-C47114DF9E35,24432578,Счетчик электричества,105,Щит учета показаний,
E513E8EE-9121-48C6-BBDA-6B36AD1B527A,24432559,Счетчик электричества,106,Щит учета показаний,
324CDED5-6654-4E4F-8F19-B38CA2AA1ED1,24432638,Счетчик электричества,107,Щит учета показаний,
C157B75F-967D-41EC-9B40-AC2CDC6F2DA7,24431702,Счетчик электричества,108,Щит учета показаний,
8C4C7EA7-6878-470D-BB72-583E25EEC390,24432587,Счетчик электричества,109,Щит учета показаний,
BDCF69F1-35C6-4123-A2B7-D13FED209DC5,24432619,Счетчик электричества,110,Щит учета показаний,
5825E7AA-578D-4496-84CB-D5D185D47BAE,24432566,Счетчик электричества,111,Щит учета показаний,
DD848275-5888-4CB6-BA44-20D062EB7C16,24432561,Счетчик электричества,112,Щит учета показаний,
77972AAF-B01B-425A-8AD4-3D604DA67FDD,24432634,Счетчик электричества,113,Щит учета показаний,
40DAFB46-4554-4A36-9075-6D49ADE94F7A,24432506,Счетчик электричества,114,Щит учета показаний,
92D06535-934E-4A11-980E-7CC2B77BA3A8,24431518,Счетчик электричества,115,Щит учета показаний,
7D0E852B-DCF1-4B7D-971B-0E8C8D572BF6,24432550,Счетчик электричества,116,Щит учета показаний,
DD54D493-B936-4646-8C56-3B04ECF213CA,24432628,Счетчик электричества,117,Щит учета показаний,
B536DAE4-38C7-4C93-8267-98700170EEB3,24432496,Счетчик электричества,118,Щит учета показаний,
2FB895A1-80BD-4B43-B172-25664573D0C5,24432513,Счетчик электричества,119,Щит учета показаний,
8332BD83-85C6-4117-B443-7A448051CB46,24431761,Счетчик электричества,120,Щит учета показаний,
CB33A70F-2CE2-443D-9790-9A0AAA398662,24448251,Счетчик электричества,121,Щит учета показаний,
A7DED703-E0F5-4154-A193-ED98207623F4,24448325,Счетчик электричества,122,Щит учета показаний,
8CC0DE3E-6508-49FD-B318-A5492139DFAA,24448264,Счетчик электричества,123,Щит учета показаний,
8918493F-81A8-49CD-936F-9388B6AC0814,24448259,Счетчик электричества,124,Щит учета показаний,
FC5669FD-D367-4CAD-AF8E-0073DF654823,24448242,Счетчик электричества,125,Щит учета показаний,
FFA3D6A4-7598-4841-872E-2F65E16436F6,24448235,Счетчик электричества,126,Щит учета показаний,
76BFA10D-2173-4A4E-862C-FB19FB90B775,24448252,Счетчик электричества,127,Щит учета показаний,
EB6C1131-C4C3-428F-8200-AC0B7DF39D80,24448296,Счетчик электричества,128,Щит учета показаний,
A13C0113-3F4A-40CF-A61A-7B5D6696E667,24431573,Счетчик электричества,129,Щит учета показаний,
3C87DBEE-5218-4AB3-82A4-DF70A0ACC600,24431638,Счетчик электричества,130,Щит учета показаний,
A9E75519-733C-45D3-AE33-262D669FB2AC,24448277,Счетчик электричества,131,Щит учета показаний,
63E0E6BD-F867-4610-AE80-AA775C3CD7AE,24431604,Счетчик электричества,132,Щит учета показаний,
602D814B-688B-487D-83A2-263E8615E6A3,24431630,Счетчик электричества,133,Щит учета показаний,
2000A63B-F744-467A-80CC-0AE4B8618EA9,24432066,Счетчик электричества,134,Щит учета показаний,
78AFE967-5ED9-44CF-95AA-7C4D522513B0,24431621,Счетчик электричества,135,Щит учета показаний,
C59289A0-B964-4B6B-B563-FA93DC4DA3B8,24431636,Счетчик электричества,136,Щит учета показаний,
1BB5213F-D29F-46AB-90F6-A5A2DC921B7E,24431633,Счетчик электричества,137,Щит учета показаний,
B486EF1B-8BC9-49BF-9B33-6A25F52F300F,24421127,Счетчик электричества,138,Щит учета показаний,
43C7E71F-A569-4721-B468-C094AEBF58E6,24448386,Счетчик электричества,139,Щит учета показаний,
3117AB34-4D74-4FBD-9932-C4881C006080,24448238,Счетчик электричества,140,Щит учета показаний,
184A8E9C-5DA3-471E-9C70-533FCA9F1ADF,24448338,Счетчик электричества,141,Щит учета показаний,
668D9380-EE5E-4D15-9EAC-15416B8A341B,24448234,Счетчик электричества,142,Щит учета показаний,
221C5962-0D10-4EB4-A496-EEFD3D688F39,24448280,Счетчик электричества,143,Щит учета показаний,
F6D080A5-5AA6-4289-8427-6CCC9B150C54,24446310,Счетчик электричества,144,Щит учета показаний,notwork
22102888-8244-415A-94AD-B19697449F10,24448380,Счетчик электричества,145,Щит учета показаний,
085B01DF-9EB0-43F1-BF89-6B0A917C97EF,24448038,Счетчик электричества,146,Щит учета показаний,
5B41B4F7-4E50-4312-A2F3-F34C05B8D395,24448249,Счетчик электричества,147,Щит учета показаний,
42909DE9-9D50-451B-A6FD-66BD10F12B8B,24448254,Счетчик электричества,148,Щит учета показаний,
61534CAF-AAAB-4F5F-963A-06479ADF01CA,24448241,Счетчик электричества,149,Щит учета показаний,
AEAE63A0-DB3F-4879-AD23-12940D37BA34,24431749,Счетчик электричества,150,Щит учета показаний,
D492A4C3-4FD0-468C-93EE-C06B65F5464F,24432598,Счетчик электричества,151,Щит учета показаний,
4776C09F-68B0-4D87-9787-037AD0BCECB2,24432590,Счетчик электричества,152,Щит учета показаний,
2FCEF025-5509-43F7-8328-6C54CEB43570,24432573,Счетчик электричества,153,Щит учета показаний,
49B63C0B-B56A-417B-AEE4-83947AD6748C,24432557,Счетчик электричества,154,Щит учета показаний,
792A9DE9-B6CA-4A97-8E37-9F052A4B84AB,24431760,Счетчик электричества,155,Щит учета показаний,
31B50FA5-E894-4A31-A54C-67BD1D89DC95,24432548,Счетчик электричества,156,Щит учета показаний,
C3608397-2EE0-4526-BFD2-AD65564A59E4,24431525,Счетчик электричества,157,Щит учета показаний,
FFE64C7D-05FC-4A15-9C3F-8F6544DC4A18,24432607,Счетчик электричества,158,Щит учета показаний,
96CC90C1-4122-4813-A236-ED77970C6CC1,24432588,Счетчик электричества,159,Щит учета показаний,
42E07BC1-14EC-41DA-876B-BFFBF809BF7E,24431698,Счетчик электричества,160,Щит учета показаний,
27BA1AB1-C245-42A9-8428-E535A8246945,24431655,Счетчик электричества,161,Щит учета показаний,
33FDD373-1057-4761-8207-BCF5ACEACCC1,24432054,Счетчик электричества,162,Щит учета показаний,
B019C495-9DC6-4904-B792-6A0844F356C5,24431652,Счетчик электричества,163,Щит учета показаний,
74BF1589-CA06-4F94-94B3-2CAF607D28BB,24432077,Счетчик электричества,164,Щит учета показаний,
F74B0EA3-D16F-453E-B668-ED85204DF843,24431736,Счетчик электричества,165,Щит учета показаний,
9094D384-77AE-4A09-80B1-932EDF416E79,24432056,Счетчик электричества,166,Щит учета показаний,
EDB7C6E1-37F8-44D2-9CEC-5AD01EC561BC,24432121,Счетчик электричества,167,Щит учета показаний,
90EB77C6-F80E-4606-A0CB-D2844AAF567F,24432036,Счетчик электричества,168,Щит учета показаний,
6E1A483E-BEC8-4729-B0F2-8F1943AD2699,24432126,Счетчик электричества,169,Щит учета показаний,
68B88098-D1E9-4098-A216-4B47BED00313,24431627,Счетчик электричества,170,Щит учета показаний,
18351A65-A4E0-48FF-BE77-8EF9BB6FE06E,24431609,Счетчик электричества,171,Щит учета показаний,
DA5E8A1A-3F06-4AAA-900C-9EACB00FBC25,24431580,Счетчик электричества,172,Щит учета показаний,
3E455DDE-7D37-4648-9928-ED24E6B1B92F,24431626,Счетчик электричества,173,Щит учета показаний,
3D16E2B2-E7BD-438E-BBEB-24A86F18006A,24430380,Счетчик электричества,174,Щит учета показаний,
1B9FA8BD-1524-4152-A31A-EEE04B08D259,24431629,Счетчик электричества,175,Щит учета показаний,
2CB6B66E-DEB7-41FF-84D9-568C63990F00,24431632,Счетчик электричества,176,Щит учета показаний,
428D57B3-7398-405B-88B7-C3294B336297,-,Счетчик электричества,177,Щит учета показаний,no
665C790C-C0DF-4662-8EB6-424CD74AB37A,24431639,Счетчик электричества,178,Щит учета показаний,
51A1C975-0E86-4835-A7D4-EB6DD012AD3A,24432062,Счетчик электричества,179,Щит учета показаний,
6B3CC560-8C9B-444A-91FD-EB5B0B6052F1,24431640,Счетчик электричества,180,Щит учета показаний,
9DC9CE7F-1FA4-4E97-A518-74C2430A31F5,24434864,Счетчик электричества,181,Щит учета показаний,
65AE3BE9-1F56-46CB-B849-7C0B3EB4A914,24432601,Счетчик электричества,182,Щит учета показаний,
9383261B-C606-4DF2-B791-FE4E8C65CC1F,24431602,Счетчик электричества,183,Щит учета показаний,
D73195C9-8ADD-4D8C-8C81-9640F7AD2A1B,24432532,Счетчик электричества,184,Щит учета показаний,
98C283A8-F338-4BD3-BCD4-F5F70C0E0E1E,24431925,Счетчик электричества,185,Щит учета показаний,
1D86EFC9-80A4-42C1-826D-7D3759BD4086,24432348,Счетчик электричества,186,Щит учета показаний,
C4B74FD5-B544-443E-8D91-0704B9D2865A,24432788,Счетчик электричества,187,Щит учета показаний,
C4D6B925-41C3-4725-B7C6-60D877D95011,24431922,Счетчик электричества,188,Щит учета показаний,
10B79098-C894-40A7-9844-86B07C077A34,24432434,Счетчик электричества,189,Щит учета показаний,
64053DAC-6D09-4C05-98B1-15F9FEF00DF5,24431665,Счетчик электричества,190,Щит учета показаний,
06CAB2F4-99D0-4DB1-9750-38C54164C419,24432780,Счетчик электричества,191,Щит учета показаний,
95E97BDD-6872-4A33-9CB0-0B4F52576537,24432751,Счетчик электричества,192,Щит учета показаний,
58E0B272-AAD7-4A6C-8C50-8BB36436B749,24431671,Счетчик электричества,193,Щит учета показаний,
78A8086A-D78C-422D-8E7F-896426386BC0,24432068,Счетчик электричества,194,Щит учета показаний,
FFFA0B3E-1461-4F74-A284-BDAFF4A48FEB,24432017,Счетчик электричества,195,Щит учета показаний,
AF5321A4-1124-4AEC-AFEE-1BFF915D7FE9,24432099,Счетчик электричества,196,Щит учета показаний,
C887A943-ED46-4600-BD36-31453EB194F6,24448230,Счетчик электричества,197,Щит учета показаний,
433DEE86-38E1-4D50-8B00-09612E292446,24432637,Счетчик электричества,198,Щит учета показаний,
4DA9ECBC-0598-468E-AE09-4847F4749671,24432115,Счетчик электричества,199,Щит учета показаний,
99117ECD-24DD-424E-B915-E27F383B0767,24432069,Счетчик электричества,200,Щит учета показаний,
1E4D429C-C576-45FE-B236-342E64DD23C9,24432065,Счетчик электричества,201,Щит учета показаний,
855A8E87-EF08-4B87-83AB-0581C4DE2303,24448203,Счетчик электричества,202,Щит учета показаний,
4FAF1630-C836-4431-9F6E-E43FA418CEEE,24432028,Счетчик электричества,203,Щит учета показаний,
FA250C22-F4FF-45A9-9900-800E34C4A3CE,24432140,Счетчик электричества,204,Щит учета показаний,
3E0BAEB0-9A4C-4003-80AA-8F9B1E061CFC,24432562,Счетчик электричества,205,Щит учета показаний,
A8DB5F15-8D52-43A9-BD7C-10741D99866A,24448601,Счетчик электричества,206,Щит учета показаний,
F06E5DB2-D313-4472-99EA-0A380FEAA508,24430251,Счетчик электричества,207,Щит учета показаний,
61926D63-4CC4-4F6F-B9F1-E21B73000A93,24431512,Счетчик электричества,208,Щит учета показаний,
3884D7E8-4A20-43AB-9611-65D52F476F81,24431575,Счетчик электричества,209,Щит учета показаний,
E8071A5D-621A-4ED7-92A7-74C74033A257,24431530,Счетчик электричества,210,Щит учета показаний,
1B4B73A0-A4B5-417A-9F98-1C4A598969ED,24431620,Счетчик электричества,211,Щит учета показаний,
908BC368-CD4C-4F02-BC1B-09CD28FB94B5,24431615,Счетчик электричества,212,Щит учета показаний,
F0464F5F-6452-437A-B873-2798C6584A2B,24431613,Счетчик электричества,213,Щит учета показаний,
794D117E-D499-47AB-92AF-A2DF402F6431,24431520,Счетчик электричества,214,Щит учета показаний,
B59F3F1A-E393-459B-9B6B-65513C06B1C1,24431601,Счетчик электричества,215,Щит учета показаний,
4A062522-B78D-43AA-8983-C393DC7D7731,24431528,Счетчик электричества,216,Щит учета показаний,
B8FA691D-F6A0-4FE4-BED8-1EC79D5BA15A,24432108,Счетчик электричества,217,Щит учета показаний,
EDD4E3FE-33D3-4912-B12E-88EA69BF95FE,24435708,Счетчик электричества,218,Щит учета показаний,
EDD1BCDC-C34D-4571-9C76-E791FE92B8C5,24448110,Счетчик электричества,219,Щит учета показаний,
7F1C95B8-6757-4494-9413-F591B634F733,24435743,Счетчик электричества,220,Щит учета показаний,
C53146EB-C060-4B16-B164-918F19EE542A,24432098,Счетчик электричества,221,Щит учета показаний,
EA6BD22F-0255-408B-96F5-AA91D729D711,24432030,Счетчик электричества,222,Щит учета показаний,
0F0F3E27-5E3F-449D-A45B-4C5D62464050,24435709,Счетчик электричества,223,Щит учета показаний,
3D65A3AA-2E8F-4582-BAD9-58BAE2FBB4A0,24435701,Счетчик электричества,224,Щит учета показаний,
E9E4090F-7A3F-442F-AD3B-2EE881C54BF2,24448613,Счетчик электричества,225,Щит учета показаний,
B8BA3D50-9AAF-4964-9A31-99A2D2DBC8BD,24435735,Счетчик электричества,226,Щит учета показаний,
0042FBB5-EEB8-468D-87C4-E13DB54C12BA,24435753,Счетчик электричества,227,Щит учета показаний,
64F4AE8C-0568-426F-B62D-C90544B5C0E1,24435759,Счетчик электричества,Тех.пом.,Щит учета показаний,
D77F1623-40C5-41F7-B0EC-F820530B63FD,24431673,Счетчик электричества,228,Щит учета показаний,
F7225ED5-1C5E-434F-9FBC-524D0DB9ED18,24432138,Счетчик электричества,229,Щит учета показаний,
FF7AD88B-6346-4DAD-ABB3-73F4252D3B7C,24432116,Счетчик электричества,230,Щит учета показаний,
6CA69D5B-4271-4F6E-A54E-DBC9EA17106C,24432104,Счетчик электричества,231,Щит учета показаний,
5F6DAC79-A2E3-438C-9570-ADA2CBB4C4BB,24432139,Счетчик электричества,232,Щит учета показаний,
20672330-6A17-4AB1-BFCD-778F56455813,24435741,Счетчик электричества,233,Щит учета показаний,
CD391237-25F2-4FB3-A2F4-97B615A7F25E,24435725,Счетчик электричества,234,Щит учета показаний,
0771BB6B-6E41-4020-B468-8AB543E89A22,24431524,Счетчик электричества,235,Щит учета показаний,
DB62A9D6-ED4D-4DFC-9F19-F1997D6298D6,24432593,Счетчик электричества,236,Щит учета показаний,
86AFB74F-A867-4138-816A-EABFF7052B15,24431776,Счетчик электричества,237,Щит учета показаний,
4EBBBA63-6C97-4A29-8D79-98FC4D44FCEF,24432625,Счетчик электричества,238,Щит учета показаний,
37971398-C734-4083-BF15-113828E879E3,24431756,Счетчик электричества,239,Щит учета показаний,
8D2F7186-8E87-4BCF-BBF4-DF44D3BCDE38,24430221,Счетчик электричества,240,Щит учета показаний,
14A34DD3-7943-4A0B-BBDF-C9719310E22C,24432335,Счетчик электричества,241,Щит учета показаний,
7BA05434-7920-4855-99B3-F69E4E703B45,24432328,Счетчик электричества,242,Щит учета показаний,
1DD4390B-4319-4D6B-8CA0-71FFA5F3363E,24432750,Счетчик электричества,243,Щит учета показаний,
BA3B1A34-ED08-469A-A01B-05A96399736B,24432338,Счетчик электричества,244,Щит учета показаний,
0D87F199-9BD0-4094-9B8F-A300C6A54467,24432327,Счетчик электричества,245,Щит учета показаний,
5FA195FC-F0AC-43E7-A293-54567E292AA8,24432356,Счетчик электричества,246,Щит учета показаний,
A1AE1C22-5951-4793-8B65-F67195D594E5,24432820,Счетчик электричества,247,Щит учета показаний,
21900BC2-3C11-4E38-B558-F8BA8A552CE0,24432606,Счетчик электричества,248,Щит учета показаний,
694FF4B4-F14F-4BFF-9E76-0D4F06718CE5,24432805,Счетчик электричества,249,Щит учета показаний,
7BAA4C29-951B-4A6C-92B6-F5035051CB3E,24432765,Счетчик электричества,250,Щит учета показаний,
B6380176-5551-4486-B17B-6A11E90BD9CC,24432519,Счетчик электричества,251,Щит учета показаний,
AF627DF8-75D5-44F0-B978-89A3ED82960F,24432503,Счетчик электричества,252,Щит учета показаний,
A363CDA4-426C-4E39-86F4-258148EB3AB9,24432608,Счетчик электричества,253,Щит учета показаний,
80E0BDB9-4F62-4020-B132-1E0B2F8164FF,24432630,Счетчик электричества,254,Щит учета показаний,
12DC0A5C-C603-4ABB-8AD8-20D6350814BC,-,Счетчик электричества,255,Щит учета показаний,24432630
